Class,Probability
Class_1,0.6852384
Class_10,0.23046166
Class_8,0.03339052
Class_11,0.01692405
Class_0,0.011684473
Class_6,0.00557169
Class_4,0.0037526344
Class_5,0.002939568
Class_9,0.0022534656
Class_13,0.0019097556
Class_12,0.0018141839
Class_2,0.0017276626
Class_7,0.0014900316
Class_14,0.00072779774
Class_3,0.000114027964
